{"cameraMode":{"drawMode":0,"name":"Shaded","section":"Shading Mode"},"sceneLighting":false,"audioPlay":false,"sceneViewState":{"m_AlwaysRefresh":false,"showFog":true,"showSkybox":true,"showFlares":true,"showImageEffects":true,"showParticleSystems":true,"showVisualEffectGraphs":true,"m_FxEnabled":false},"in2DMode":false,"pivot":{"x":3.6799304485321047,"y":-115.58079528808594,"z":4.295340061187744},"rotation":{"x":0.6985581517219544,"y":-0.004293220117688179,"z":0.004191400483250618,"w":0.7155280113220215},"size":60.792781829833987,"orthographic":false}