{"cameraMode":{"drawMode":0,"name":"Shaded","section":"Shading Mode"},"sceneLighting":false,"audioPlay":false,"sceneViewState":{"m_AlwaysRefresh":false,"showFog":true,"showSkybox":true,"showFlares":true,"showImageEffects":true,"showParticleSystems":true,"showVisualEffectGraphs":true,"m_FxEnabled":false},"in2DMode":false,"pivot":{"x":2.9315037727355959,"y":-3.1525378227233888,"z":17.495676040649415},"rotation":{"x":0.1197015717625618,"y":0.013997748494148255,"z":-0.0016905467491596938,"w":0.9927194118499756},"size":12.775654792785645,"orthographic":false}